year	motif	freq
1968	KNENETS	0.0
1968	KNKSEDS	0.020202020202020204
1968	KNENEKL	0.0
1968	KSKNETS	0.0
1968	KNKGEEL	0.0
1968	NDRNEDS	0.0
1968	NNRSKDL	0.0
1968	KNENKTS	0.0
1968	NNKSKDS	0.0
1968	KSENEKS	0.0
1968	KNKSEES	0.0
1968	KNRSKDL	0.0
1968	KSENETL	0.0
1968	KSESETS	0.0
1968	KNENEKS	0.0
1968	NNESEKS	0.0
1968	NDRSKDS	0.0
1968	KNKSEEL	0.0
1968	KDENETS	0.0
1968	KNESEEL	0.0
1968	KNESETS	0.0
1968	KSRNETS	0.0
1968	NDRSKDL	0.9797979797979798
1968	NNRNKDL	0.0
1968	KNKSEKS	0.0
1968	KDESEKS	0.0
1968	KNRSEEL	0.0
1968	KNENETL	0.0
1968	NNESEKL	0.0
1968	KSESEKS	0.0
1968	KSKSETS	0.0
1968	KNRNEDS	0.0
1968	KNKNETS	0.0
1968	KNESETL	0.0
1968	KNESKTS	0.0
1968	KSENKTS	0.0
1968	KNESEKL	0.0
1968	KNEGEKS	0.0
1968	KNKSEKL	0.0
1968	NNKGEEL	0.0
1968	NNKSEES	0.0
1968	KSKNETL	0.0
1968	KSENETS	0.0
1968	NNRSKDS	0.0
1968	KNESKKS	0.0
1968	KNESEKS	0.0
1968	NNKSEDS	0.0
1968	KNESEES	0.0
1968	KNKGEDL	0.0
1968	KDENKTS	0.0
1968	KNEGEKL	0.0
1968	NNENETS	0.0
1968	KNKNETL	0.0
1969	KNENETS	0.0
1969	KNKSEDS	0.0
1969	KNENEKL	0.0
1969	KSKNETS	0.0
1969	KNKGEEL	0.0
1969	NDRNEDS	0.0
1969	NNRSKDL	0.16666666666666666
1969	KNENKTS	0.0
1969	NNKSKDS	0.0
1969	KSENEKS	0.0
1969	KNKSEES	0.0
1969	KNRSKDL	0.0
1969	KSENETL	0.0
1969	KSESETS	0.0
1969	KNENEKS	0.0
1969	NNESEKS	0.0
1969	NDRSKDS	0.0
1969	KNKSEEL	0.0
1969	KDENETS	0.0
1969	KNESEEL	0.0
1969	KNESETS	0.0
1969	KSRNETS	0.0
1969	NDRSKDL	0.8333333333333334
1969	NNRNKDL	0.0
1969	KNKSEKS	0.0
1969	KDESEKS	0.0
1969	KNRSEEL	0.0
1969	KNENETL	0.0
1969	NNESEKL	0.0
1969	KSESEKS	0.0
1969	KSKSETS	0.0
1969	KNRNEDS	0.0
1969	KNKNETS	0.0
1969	KNESETL	0.0
1969	KNESKTS	0.0
1969	KSENKTS	0.0
1969	KNESEKL	0.0
1969	KNEGEKS	0.0
1969	KNKSEKL	0.0
1969	NNKGEEL	0.0
1969	NNKSEES	0.0
1969	KSKNETL	0.0
1969	KSENETS	0.0
1969	NNRSKDS	0.0
1969	KNESKKS	0.0
1969	KNESEKS	0.0
1969	NNKSEDS	0.0
1969	KNESEES	0.0
1969	KNKGEDL	0.0
1969	KDENKTS	0.0
1969	KNEGEKL	0.0
1969	NNENETS	0.0
1969	KNKNETL	0.0
1970	KNENETS	0.0
1970	KNKSEDS	0.0
1970	KNENEKL	0.0
1970	KSKNETS	0.0
1970	KNKGEEL	0.0
1970	NDRNEDS	0.0
1970	NNRSKDL	0.7
1970	KNENKTS	0.0
1970	NNKSKDS	0.1
1970	KSENEKS	0.0
1970	KNKSEES	0.0
1970	KNRSKDL	0.0
1970	KSENETL	0.0
1970	KSESETS	0.0
1970	KNENEKS	0.0
1970	NNESEKS	0.0
1970	NDRSKDS	0.0
1970	KNKSEEL	0.0
1970	KDENETS	0.0
1970	KNESEEL	0.0
1970	KNESETS	0.0
1970	KSRNETS	0.0
1970	NDRSKDL	0.0
1970	NNRNKDL	0.1
1970	KNKSEKS	0.0
1970	KDESEKS	0.0
1970	KNRSEEL	0.0
1970	KNENETL	0.0
1970	NNESEKL	0.0
1970	KSESEKS	0.0
1970	KSKSETS	0.0
1970	KNRNEDS	0.0
1970	KNKNETS	0.0
1970	KNESETL	0.0
1970	KNESKTS	0.0
1970	KSENKTS	0.0
1970	KNESEKL	0.0
1970	KNEGEKS	0.0
1970	KNKSEKL	0.0
1970	NNKGEEL	0.0
1970	NNKSEES	0.0
1970	KSKNETL	0.0
1970	KSENETS	0.0
1970	NNRSKDS	0.1
1970	KNESKKS	0.0
1970	KNESEKS	0.0
1970	NNKSEDS	0.0
1970	KNESEES	0.0
1970	KNKGEDL	0.0
1970	KDENKTS	0.0
1970	KNEGEKL	0.0
1970	NNENETS	0.0
1970	KNKNETL	0.0
1971	KNENETS	0.0
1971	KNKSEDS	0.0
1971	KNENEKL	0.0
1971	KSKNETS	0.0
1971	KNKGEEL	0.0
1971	NDRNEDS	0.0
1971	NNRSKDL	0.0
1971	KNENKTS	0.0
1971	NNKSKDS	0.5625
1971	KSENEKS	0.0
1971	KNKSEES	0.0
1971	KNRSKDL	0.0
1971	KSENETL	0.0
1971	KSESETS	0.0
1971	KNENEKS	0.0
1971	NNESEKS	0.0
1971	NDRSKDS	0.0
1971	KNKSEEL	0.0
1971	KDENETS	0.0
1971	KNESEEL	0.0
1971	KNESETS	0.0
1971	KSRNETS	0.0
1971	NDRSKDL	0.0
1971	NNRNKDL	0.0
1971	KNKSEKS	0.0
1971	KDESEKS	0.0
1971	KNRSEEL	0.0
1971	KNENETL	0.0
1971	NNESEKL	0.0
1971	KSESEKS	0.0
1971	KSKSETS	0.0
1971	KNRNEDS	0.0
1971	KNKNETS	0.0
1971	KNESETL	0.0
1971	KNESKTS	0.0
1971	KSENKTS	0.0
1971	KNESEKL	0.0
1971	KNEGEKS	0.0
1971	KNKSEKL	0.0
1971	NNKGEEL	0.0
1971	NNKSEES	0.0
1971	KSKNETL	0.0
1971	KSENETS	0.0
1971	NNRSKDS	0.4375
1971	KNESKKS	0.0
1971	KNESEKS	0.0
1971	NNKSEDS	0.0
1971	KNESEES	0.0
1971	KNKGEDL	0.0
1971	KDENKTS	0.0
1971	KNEGEKL	0.0
1971	NNENETS	0.0
1971	KNKNETL	0.0
1972	KNENETS	0.0
1972	KNKSEDS	0.0
1972	KNENEKL	0.0
1972	KSKNETS	0.0
1972	KNKGEEL	0.0
1972	NDRNEDS	0.0
1972	NNRSKDL	0.0
1972	KNENKTS	0.0
1972	NNKSKDS	0.04
1972	KSENEKS	0.0
1972	KNKSEES	0.0
1972	KNRSKDL	0.0
1972	KSENETL	0.0
1972	KSESETS	0.0
1972	KNENEKS	0.0
1972	NNESEKS	0.0
1972	NDRSKDS	0.0
1972	KNKSEEL	0.0
1972	KDENETS	0.0
1972	KNESEEL	0.0
1972	KNESETS	0.0
1972	KSRNETS	0.0
1972	NDRSKDL	0.0
1972	NNRNKDL	0.0
1972	KNKSEKS	0.0
1972	KDESEKS	0.0
1972	KNRSEEL	0.0
1972	KNENETL	0.0
1972	NNESEKL	0.0
1972	KSESEKS	0.0
1972	KSKSETS	0.0
1972	KNRNEDS	0.0
1972	KNKNETS	0.0
1972	KNESETL	0.0
1972	KNESKTS	0.0
1972	KSENKTS	0.0
1972	KNESEKL	0.0
1972	KNEGEKS	0.0
1972	KNKSEKL	0.0
1972	NNKGEEL	0.0
1972	NNKSEES	0.0
1972	KSKNETL	0.0
1972	KSENETS	0.0
1972	NNRSKDS	0.2
1972	KNESKKS	0.0
1972	KNESEKS	0.0
1972	NNKSEDS	0.76
1972	KNESEES	0.0
1972	KNKGEDL	0.0
1972	KDENKTS	0.0
1972	KNEGEKL	0.0
1972	NNENETS	0.0
1972	KNKNETL	0.0
1973	KNENETS	0.0
1973	KNKSEDS	0.1
1973	KNENEKL	0.0
1973	KSKNETS	0.0
1973	KNKGEEL	0.0
1973	NDRNEDS	0.0
1973	NNRSKDL	0.0
1973	KNENKTS	0.0
1973	NNKSKDS	0.0
1973	KSENEKS	0.0
1973	KNKSEES	0.0
1973	KNRSKDL	0.0
1973	KSENETL	0.0
1973	KSESETS	0.0
1973	KNENEKS	0.0
1973	NNESEKS	0.0
1973	NDRSKDS	0.0
1973	KNKSEEL	0.0
1973	KDENETS	0.0
1973	KNESEEL	0.0
1973	KNESETS	0.0
1973	KSRNETS	0.0
1973	NDRSKDL	0.0
1973	NNRNKDL	0.0
1973	KNKSEKS	0.0
1973	KDESEKS	0.0
1973	KNRSEEL	0.0
1973	KNENETL	0.0
1973	NNESEKL	0.0
1973	KSESEKS	0.0
1973	KSKSETS	0.0
1973	KNRNEDS	0.0
1973	KNKNETS	0.0
1973	KNESETL	0.0
1973	KNESKTS	0.0
1973	KSENKTS	0.0
1973	KNESEKL	0.0
1973	KNEGEKS	0.0
1973	KNKSEKL	0.0
1973	NNKGEEL	0.0
1973	NNKSEES	0.0
1973	KSKNETL	0.0
1973	KSENETS	0.0
1973	NNRSKDS	0.0
1973	KNESKKS	0.0
1973	KNESEKS	0.0
1973	NNKSEDS	0.9
1973	KNESEES	0.0
1973	KNKGEDL	0.0
1973	KDENKTS	0.0
1973	KNEGEKL	0.0
1973	NNENETS	0.0
1973	KNKNETL	0.0
1974	KNENETS	0.0
1974	KNKSEDS	0.3333333333333333
1974	KNENEKL	0.0
1974	KSKNETS	0.0
1974	KNKGEEL	0.0
1974	NDRNEDS	0.0
1974	NNRSKDL	0.0
1974	KNENKTS	0.0
1974	NNKSKDS	0.0
1974	KSENEKS	0.0
1974	KNKSEES	0.0
1974	KNRSKDL	0.0
1974	KSENETL	0.0
1974	KSESETS	0.0
1974	KNENEKS	0.0
1974	NNESEKS	0.0
1974	NDRSKDS	0.0
1974	KNKSEEL	0.0
1974	KDENETS	0.0
1974	KNESEEL	0.0
1974	KNESETS	0.0
1974	KSRNETS	0.0
1974	NDRSKDL	0.0
1974	NNRNKDL	0.0
1974	KNKSEKS	0.0
1974	KDESEKS	0.0
1974	KNRSEEL	0.0
1974	KNENETL	0.0
1974	NNESEKL	0.0
1974	KSESEKS	0.0
1974	KSKSETS	0.0
1974	KNRNEDS	0.0
1974	KNKNETS	0.0
1974	KNESETL	0.0
1974	KNESKTS	0.0
1974	KSENKTS	0.0
1974	KNESEKL	0.0
1974	KNEGEKS	0.0
1974	KNKSEKL	0.0
1974	NNKGEEL	0.0
1974	NNKSEES	0.0
1974	KSKNETL	0.0
1974	KSENETS	0.0
1974	NNRSKDS	0.0
1974	KNESKKS	0.0
1974	KNESEKS	0.0
1974	NNKSEDS	0.6666666666666666
1974	KNESEES	0.0
1974	KNKGEDL	0.0
1974	KDENKTS	0.0
1974	KNEGEKL	0.0
1974	NNENETS	0.0
1974	KNKNETL	0.0
1975	KNENETS	0.0
1975	KNKSEDS	0.3
1975	KNENEKL	0.0
1975	KSKNETS	0.0
1975	KNKGEEL	0.0
1975	NDRNEDS	0.0
1975	NNRSKDL	0.0
1975	KNENKTS	0.0
1975	NNKSKDS	0.0
1975	KSENEKS	0.0
1975	KNKSEES	0.0
1975	KNRSKDL	0.0
1975	KSENETL	0.0
1975	KSESETS	0.0
1975	KNENEKS	0.0
1975	NNESEKS	0.0
1975	NDRSKDS	0.0
1975	KNKSEEL	0.0
1975	KDENETS	0.0
1975	KNESEEL	0.0
1975	KNESETS	0.0
1975	KSRNETS	0.0
1975	NDRSKDL	0.0
1975	NNRNKDL	0.0
1975	KNKSEKS	0.0
1975	KDESEKS	0.0
1975	KNRSEEL	0.0
1975	KNENETL	0.0
1975	NNESEKL	0.0
1975	KSESEKS	0.0
1975	KSKSETS	0.0
1975	KNRNEDS	0.0
1975	KNKNETS	0.0
1975	KNESETL	0.0
1975	KNESKTS	0.0
1975	KSENKTS	0.0
1975	KNESEKL	0.0
1975	KNEGEKS	0.0
1975	KNKSEKL	0.0
1975	NNKGEEL	0.0
1975	NNKSEES	0.0
1975	KSKNETL	0.0
1975	KSENETS	0.0
1975	NNRSKDS	0.0
1975	KNESKKS	0.0
1975	KNESEKS	0.0
1975	NNKSEDS	0.7
1975	KNESEES	0.0
1975	KNKGEDL	0.0
1975	KDENKTS	0.0
1975	KNEGEKL	0.0
1975	NNENETS	0.0
1975	KNKNETL	0.0
1976	KNENETS	0.0
1976	KNKSEDS	0.058823529411764705
1976	KNENEKL	0.0
1976	KSKNETS	0.0
1976	KNKGEEL	0.0
1976	NDRNEDS	0.0
1976	NNRSKDL	0.0
1976	KNENKTS	0.0
1976	NNKSKDS	0.0
1976	KSENEKS	0.0
1976	KNKSEES	0.0
1976	KNRSKDL	0.0
1976	KSENETL	0.0
1976	KSESETS	0.0
1976	KNENEKS	0.0
1976	NNESEKS	0.0
1976	NDRSKDS	0.0
1976	KNKSEEL	0.0
1976	KDENETS	0.0
1976	KNESEEL	0.0
1976	KNESETS	0.0
1976	KSRNETS	0.0
1976	NDRSKDL	0.0
1976	NNRNKDL	0.0
1976	KNKSEKS	0.0
1976	KDESEKS	0.0
1976	KNRSEEL	0.0
1976	KNENETL	0.0
1976	NNESEKL	0.0
1976	KSESEKS	0.0
1976	KSKSETS	0.0
1976	KNRNEDS	0.0
1976	KNKNETS	0.0
1976	KNESETL	0.0
1976	KNESKTS	0.0
1976	KSENKTS	0.0
1976	KNESEKL	0.0
1976	KNEGEKS	0.0
1976	KNKSEKL	0.0
1976	NNKGEEL	0.0
1976	NNKSEES	0.058823529411764705
1976	KSKNETL	0.0
1976	KSENETS	0.0
1976	NNRSKDS	0.0
1976	KNESKKS	0.0
1976	KNESEKS	0.0
1976	NNKSEDS	0.8823529411764706
1976	KNESEES	0.0
1976	KNKGEDL	0.0
1976	KDENKTS	0.0
1976	KNEGEKL	0.0
1976	NNENETS	0.0
1976	KNKNETL	0.0
1977	KNENETS	0.0
1977	KNKSEDS	0.0
1977	KNENEKL	0.0
1977	KSKNETS	0.0
1977	KNKGEEL	0.0
1977	NDRNEDS	0.0
1977	NNRSKDL	0.0
1977	KNENKTS	0.0
1977	NNKSKDS	0.0
1977	KSENEKS	0.0
1977	KNKSEES	0.9285714285714286
1977	KNRSKDL	0.0
1977	KSENETL	0.0
1977	KSESETS	0.0
1977	KNENEKS	0.0
1977	NNESEKS	0.0
1977	NDRSKDS	0.0
1977	KNKSEEL	0.0
1977	KDENETS	0.0
1977	KNESEEL	0.0
1977	KNESETS	0.0
1977	KSRNETS	0.0
1977	NDRSKDL	0.0
1977	NNRNKDL	0.0
1977	KNKSEKS	0.0
1977	KDESEKS	0.0
1977	KNRSEEL	0.0
1977	KNENETL	0.0
1977	NNESEKL	0.0
1977	KSESEKS	0.0
1977	KSKSETS	0.0
1977	KNRNEDS	0.0
1977	KNKNETS	0.0
1977	KNESETL	0.0
1977	KNESKTS	0.0
1977	KSENKTS	0.0
1977	KNESEKL	0.0
1977	KNEGEKS	0.0
1977	KNKSEKL	0.0
1977	NNKGEEL	0.0
1977	NNKSEES	0.0
1977	KSKNETL	0.0
1977	KSENETS	0.0
1977	NNRSKDS	0.0
1977	KNESKKS	0.0
1977	KNESEKS	0.0
1977	NNKSEDS	0.07142857142857142
1977	KNESEES	0.0
1977	KNKGEDL	0.0
1977	KDENKTS	0.0
1977	KNEGEKL	0.0
1977	NNENETS	0.0
1977	KNKNETL	0.0
1978	KNENETS	0.0
1978	KNKSEDS	0.0
1978	KNENEKL	0.0
1978	KSKNETS	0.0
1978	KNKGEEL	0.0
1978	NDRNEDS	0.0
1978	NNRSKDL	0.0
1978	KNENKTS	0.0
1978	NNKSKDS	0.0
1978	KSENEKS	0.0
1978	KNKSEES	0.3333333333333333
1978	KNRSKDL	0.0
1978	KSENETL	0.0
1978	KSESETS	0.0
1978	KNENEKS	0.0
1978	NNESEKS	0.0
1978	NDRSKDS	0.0
1978	KNKSEEL	0.0
1978	KDENETS	0.0
1978	KNESEEL	0.0
1978	KNESETS	0.0
1978	KSRNETS	0.0
1978	NDRSKDL	0.0
1978	NNRNKDL	0.0
1978	KNKSEKS	0.0
1978	KDESEKS	0.0
1978	KNRSEEL	0.0
1978	KNENETL	0.0
1978	NNESEKL	0.0
1978	KSESEKS	0.0
1978	KSKSETS	0.0
1978	KNRNEDS	0.0
1978	KNKNETS	0.0
1978	KNESETL	0.0
1978	KNESKTS	0.0
1978	KSENKTS	0.0
1978	KNESEKL	0.0
1978	KNEGEKS	0.0
1978	KNKSEKL	0.0
1978	NNKGEEL	0.0
1978	NNKSEES	0.0
1978	KSKNETL	0.0
1978	KSENETS	0.0
1978	NNRSKDS	0.0
1978	KNESKKS	0.0
1978	KNESEKS	0.0
1978	NNKSEDS	0.0
1978	KNESEES	0.0
1978	KNKGEDL	0.0
1978	KDENKTS	0.0
1978	KNEGEKL	0.0
1978	NNENETS	0.0
1978	KNKNETL	0.0
1979	KNENETS	0.0
1979	KNKSEDS	0.0
1979	KNENEKL	0.0
1979	KSKNETS	0.0
1979	KNKGEEL	0.0
1979	NDRNEDS	0.0
1979	NNRSKDL	0.0
1979	KNENKTS	0.0
1979	NNKSKDS	0.0
1979	KSENEKS	0.0
1979	KNKSEES	1.0
1979	KNRSKDL	0.0
1979	KSENETL	0.0
1979	KSESETS	0.0
1979	KNENEKS	0.0
1979	NNESEKS	0.0
1979	NDRSKDS	0.0
1979	KNKSEEL	0.0
1979	KDENETS	0.0
1979	KNESEEL	0.0
1979	KNESETS	0.0
1979	KSRNETS	0.0
1979	NDRSKDL	0.0
1979	NNRNKDL	0.0
1979	KNKSEKS	0.0
1979	KDESEKS	0.0
1979	KNRSEEL	0.0
1979	KNENETL	0.0
1979	NNESEKL	0.0
1979	KSESEKS	0.0
1979	KSKSETS	0.0
1979	KNRNEDS	0.0
1979	KNKNETS	0.0
1979	KNESETL	0.0
1979	KNESKTS	0.0
1979	KSENKTS	0.0
1979	KNESEKL	0.0
1979	KNEGEKS	0.0
1979	KNKSEKL	0.0
1979	NNKGEEL	0.0
1979	NNKSEES	0.0
1979	KSKNETL	0.0
1979	KSENETS	0.0
1979	NNRSKDS	0.0
1979	KNESKKS	0.0
1979	KNESEKS	0.0
1979	NNKSEDS	0.0
1979	KNESEES	0.0
1979	KNKGEDL	0.0
1979	KDENKTS	0.0
1979	KNEGEKL	0.0
1979	NNENETS	0.0
1979	KNKNETL	0.0
1980	KNENETS	0.0
1980	KNKSEDS	0.0
1980	KNENEKL	0.0
1980	KSKNETS	0.0
1980	KNKGEEL	0.0
1980	NDRNEDS	0.0
1980	NNRSKDL	0.0
1980	KNENKTS	0.0
1980	NNKSKDS	0.0
1980	KSENEKS	0.0
1980	KNKSEES	1.0
1980	KNRSKDL	0.0
1980	KSENETL	0.0
1980	KSESETS	0.0
1980	KNENEKS	0.0
1980	NNESEKS	0.0
1980	NDRSKDS	0.0
1980	KNKSEEL	0.0
1980	KDENETS	0.0
1980	KNESEEL	0.0
1980	KNESETS	0.0
1980	KSRNETS	0.0
1980	NDRSKDL	0.0
1980	NNRNKDL	0.0
1980	KNKSEKS	0.0
1980	KDESEKS	0.0
1980	KNRSEEL	0.0
1980	KNENETL	0.0
1980	NNESEKL	0.0
1980	KSESEKS	0.0
1980	KSKSETS	0.0
1980	KNRNEDS	0.0
1980	KNKNETS	0.0
1980	KNESETL	0.0
1980	KNESKTS	0.0
1980	KSENKTS	0.0
1980	KNESEKL	0.0
1980	KNEGEKS	0.0
1980	KNKSEKL	0.0
1980	NNKGEEL	0.0
1980	NNKSEES	0.0
1980	KSKNETL	0.0
1980	KSENETS	0.0
1980	NNRSKDS	0.0
1980	KNESKKS	0.0
1980	KNESEKS	0.0
1980	NNKSEDS	0.0
1980	KNESEES	0.0
1980	KNKGEDL	0.0
1980	KDENKTS	0.0
1980	KNEGEKL	0.0
1980	NNENETS	0.0
1980	KNKNETL	0.0
1981	KNENETS	0.0
1981	KNKSEDS	0.0
1981	KNENEKL	0.0
1981	KSKNETS	0.0
1981	KNKGEEL	0.0
1981	NDRNEDS	0.0
1981	NNRSKDL	0.0
1981	KNENKTS	0.0
1981	NNKSKDS	0.0
1981	KSENEKS	0.0
1981	KNKSEES	1.0
1981	KNRSKDL	0.0
1981	KSENETL	0.0
1981	KSESETS	0.0
1981	KNENEKS	0.0
1981	NNESEKS	0.0
1981	NDRSKDS	0.0
1981	KNKSEEL	0.0
1981	KDENETS	0.0
1981	KNESEEL	0.0
1981	KNESETS	0.0
1981	KSRNETS	0.0
1981	NDRSKDL	0.0
1981	NNRNKDL	0.0
1981	KNKSEKS	0.0
1981	KDESEKS	0.0
1981	KNRSEEL	0.0
1981	KNENETL	0.0
1981	NNESEKL	0.0
1981	KSESEKS	0.0
1981	KSKSETS	0.0
1981	KNRNEDS	0.0
1981	KNKNETS	0.0
1981	KNESETL	0.0
1981	KNESKTS	0.0
1981	KSENKTS	0.0
1981	KNESEKL	0.0
1981	KNEGEKS	0.0
1981	KNKSEKL	0.0
1981	NNKGEEL	0.0
1981	NNKSEES	0.0
1981	KSKNETL	0.0
1981	KSENETS	0.0
1981	NNRSKDS	0.0
1981	KNESKKS	0.0
1981	KNESEKS	0.0
1981	NNKSEDS	0.0
1981	KNESEES	0.0
1981	KNKGEDL	0.0
1981	KDENKTS	0.0
1981	KNEGEKL	0.0
1981	NNENETS	0.0
1981	KNKNETL	0.0
1982	KNENETS	0.0
1982	KNKSEDS	0.0
1982	KNENEKL	0.0
1982	KSKNETS	0.0
1982	KNKGEEL	0.16666666666666666
1982	NDRNEDS	0.0
1982	NNRSKDL	0.0
1982	KNENKTS	0.0
1982	NNKSKDS	0.0
1982	KSENEKS	0.0
1982	KNKSEES	0.8333333333333334
1982	KNRSKDL	0.0
1982	KSENETL	0.0
1982	KSESETS	0.0
1982	KNENEKS	0.0
1982	NNESEKS	0.0
1982	NDRSKDS	0.0
1982	KNKSEEL	0.0
1982	KDENETS	0.0
1982	KNESEEL	0.0
1982	KNESETS	0.0
1982	KSRNETS	0.0
1982	NDRSKDL	0.0
1982	NNRNKDL	0.0
1982	KNKSEKS	0.0
1982	KDESEKS	0.0
1982	KNRSEEL	0.0
1982	KNENETL	0.0
1982	NNESEKL	0.0
1982	KSESEKS	0.0
1982	KSKSETS	0.0
1982	KNRNEDS	0.0
1982	KNKNETS	0.0
1982	KNESETL	0.0
1982	KNESKTS	0.0
1982	KSENKTS	0.0
1982	KNESEKL	0.0
1982	KNEGEKS	0.0
1982	KNKSEKL	0.0
1982	NNKGEEL	0.0
1982	NNKSEES	0.0
1982	KSKNETL	0.0
1982	KSENETS	0.0
1982	NNRSKDS	0.0
1982	KNESKKS	0.0
1982	KNESEKS	0.0
1982	NNKSEDS	0.0
1982	KNESEES	0.0
1982	KNKGEDL	0.0
1982	KDENKTS	0.0
1982	KNEGEKL	0.0
1982	NNENETS	0.0
1982	KNKNETL	0.0
1983	KNENETS	0.0
1983	KNKSEDS	0.0
1983	KNENEKL	0.0
1983	KSKNETS	0.0
1983	KNKGEEL	0.6666666666666666
1983	NDRNEDS	0.0
1983	NNRSKDL	0.0
1983	KNENKTS	0.0
1983	NNKSKDS	0.0
1983	KSENEKS	0.0
1983	KNKSEES	0.3333333333333333
1983	KNRSKDL	0.0
1983	KSENETL	0.0
1983	KSESETS	0.0
1983	KNENEKS	0.0
1983	NNESEKS	0.0
1983	NDRSKDS	0.0
1983	KNKSEEL	0.0
1983	KDENETS	0.0
1983	KNESEEL	0.0
1983	KNESETS	0.0
1983	KSRNETS	0.0
1983	NDRSKDL	0.0
1983	NNRNKDL	0.0
1983	KNKSEKS	0.0
1983	KDESEKS	0.0
1983	KNRSEEL	0.0
1983	KNENETL	0.0
1983	NNESEKL	0.0
1983	KSESEKS	0.0
1983	KSKSETS	0.0
1983	KNRNEDS	0.0
1983	KNKNETS	0.0
1983	KNESETL	0.0
1983	KNESKTS	0.0
1983	KSENKTS	0.0
1983	KNESEKL	0.0
1983	KNEGEKS	0.0
1983	KNKSEKL	0.0
1983	NNKGEEL	0.0
1983	NNKSEES	0.0
1983	KSKNETL	0.0
1983	KSENETS	0.0
1983	NNRSKDS	0.0
1983	KNESKKS	0.0
1983	KNESEKS	0.0
1983	NNKSEDS	0.0
1983	KNESEES	0.0
1983	KNKGEDL	0.0
1983	KDENKTS	0.0
1983	KNEGEKL	0.0
1983	NNENETS	0.0
1983	KNKNETL	0.0
1984	KNENETS	0.0
1984	KNKSEDS	0.0
1984	KNENEKL	0.0
1984	KSKNETS	0.0
1984	KNKGEEL	1.0
1984	NDRNEDS	0.0
1984	NNRSKDL	0.0
1984	KNENKTS	0.0
1984	NNKSKDS	0.0
1984	KSENEKS	0.0
1984	KNKSEES	0.0
1984	KNRSKDL	0.0
1984	KSENETL	0.0
1984	KSESETS	0.0
1984	KNENEKS	0.0
1984	NNESEKS	0.0
1984	NDRSKDS	0.0
1984	KNKSEEL	0.0
1984	KDENETS	0.0
1984	KNESEEL	0.0
1984	KNESETS	0.0
1984	KSRNETS	0.0
1984	NDRSKDL	0.0
1984	NNRNKDL	0.0
1984	KNKSEKS	0.0
1984	KDESEKS	0.0
1984	KNRSEEL	0.0
1984	KNENETL	0.0
1984	NNESEKL	0.0
1984	KSESEKS	0.0
1984	KSKSETS	0.0
1984	KNRNEDS	0.0
1984	KNKNETS	0.0
1984	KNESETL	0.0
1984	KNESKTS	0.0
1984	KSENKTS	0.0
1984	KNESEKL	0.0
1984	KNEGEKS	0.0
1984	KNKSEKL	0.0
1984	NNKGEEL	0.0
1984	NNKSEES	0.0
1984	KSKNETL	0.0
1984	KSENETS	0.0
1984	NNRSKDS	0.0
1984	KNESKKS	0.0
1984	KNESEKS	0.0
1984	NNKSEDS	0.0
1984	KNESEES	0.0
1984	KNKGEDL	0.0
1984	KDENKTS	0.0
1984	KNEGEKL	0.0
1984	NNENETS	0.0
1984	KNKNETL	0.0
1985	KNENETS	0.0
1985	KNKSEDS	0.0
1985	KNENEKL	0.0
1985	KSKNETS	0.0
1985	KNKGEEL	1.0
1985	NDRNEDS	0.0
1985	NNRSKDL	0.0
1985	KNENKTS	0.0
1985	NNKSKDS	0.0
1985	KSENEKS	0.0
1985	KNKSEES	0.0
1985	KNRSKDL	0.0
1985	KSENETL	0.0
1985	KSESETS	0.0
1985	KNENEKS	0.0
1985	NNESEKS	0.0
1985	NDRSKDS	0.0
1985	KNKSEEL	0.0
1985	KDENETS	0.0
1985	KNESEEL	0.0
1985	KNESETS	0.0
1985	KSRNETS	0.0
1985	NDRSKDL	0.0
1985	NNRNKDL	0.0
1985	KNKSEKS	0.0
1985	KDESEKS	0.0
1985	KNRSEEL	0.0
1985	KNENETL	0.0
1985	NNESEKL	0.0
1985	KSESEKS	0.0
1985	KSKSETS	0.0
1985	KNRNEDS	0.0
1985	KNKNETS	0.0
1985	KNESETL	0.0
1985	KNESKTS	0.0
1985	KSENKTS	0.0
1985	KNESEKL	0.0
1985	KNEGEKS	0.0
1985	KNKSEKL	0.0
1985	NNKGEEL	0.0
1985	NNKSEES	0.0
1985	KSKNETL	0.0
1985	KSENETS	0.0
1985	NNRSKDS	0.0
1985	KNESKKS	0.0
1985	KNESEKS	0.0
1985	NNKSEDS	0.0
1985	KNESEES	0.0
1985	KNKGEDL	0.0
1985	KDENKTS	0.0
1985	KNEGEKL	0.0
1985	NNENETS	0.0
1985	KNKNETL	0.0
1986	KNENETS	0.0
1986	KNKSEDS	0.0
1986	KNENEKL	0.0
1986	KSKNETS	0.0
1986	KNKGEEL	1.0
1986	NDRNEDS	0.0
1986	NNRSKDL	0.0
1986	KNENKTS	0.0
1986	NNKSKDS	0.0
1986	KSENEKS	0.0
1986	KNKSEES	0.0
1986	KNRSKDL	0.0
1986	KSENETL	0.0
1986	KSESETS	0.0
1986	KNENEKS	0.0
1986	NNESEKS	0.0
1986	NDRSKDS	0.0
1986	KNKSEEL	0.0
1986	KDENETS	0.0
1986	KNESEEL	0.0
1986	KNESETS	0.0
1986	KSRNETS	0.0
1986	NDRSKDL	0.0
1986	NNRNKDL	0.0
1986	KNKSEKS	0.0
1986	KDESEKS	0.0
1986	KNRSEEL	0.0
1986	KNENETL	0.0
1986	NNESEKL	0.0
1986	KSESEKS	0.0
1986	KSKSETS	0.0
1986	KNRNEDS	0.0
1986	KNKNETS	0.0
1986	KNESETL	0.0
1986	KNESKTS	0.0
1986	KSENKTS	0.0
1986	KNESEKL	0.0
1986	KNEGEKS	0.0
1986	KNKSEKL	0.0
1986	NNKGEEL	0.0
1986	NNKSEES	0.0
1986	KSKNETL	0.0
1986	KSENETS	0.0
1986	NNRSKDS	0.0
1986	KNESKKS	0.0
1986	KNESEKS	0.0
1986	NNKSEDS	0.0
1986	KNESEES	0.0
1986	KNKGEDL	0.0
1986	KDENKTS	0.0
1986	KNEGEKL	0.0
1986	NNENETS	0.0
1986	KNKNETL	0.0
1987	KNENETS	0.0
1987	KNKSEDS	0.0
1987	KNENEKL	0.0
1987	KSKNETS	0.0
1987	KNKGEEL	1.0
1987	NDRNEDS	0.0
1987	NNRSKDL	0.0
1987	KNENKTS	0.0
1987	NNKSKDS	0.0
1987	KSENEKS	0.0
1987	KNKSEES	0.0
1987	KNRSKDL	0.0
1987	KSENETL	0.0
1987	KSESETS	0.0
1987	KNENEKS	0.0
1987	NNESEKS	0.0
1987	NDRSKDS	0.0
1987	KNKSEEL	0.0
1987	KDENETS	0.0
1987	KNESEEL	0.0
1987	KNESETS	0.0
1987	KSRNETS	0.0
1987	NDRSKDL	0.0
1987	NNRNKDL	0.0
1987	KNKSEKS	0.0
1987	KDESEKS	0.0
1987	KNRSEEL	0.0
1987	KNENETL	0.0
1987	NNESEKL	0.0
1987	KSESEKS	0.0
1987	KSKSETS	0.0
1987	KNRNEDS	0.0
1987	KNKNETS	0.0
1987	KNESETL	0.0
1987	KNESKTS	0.0
1987	KSENKTS	0.0
1987	KNESEKL	0.0
1987	KNEGEKS	0.0
1987	KNKSEKL	0.0
1987	NNKGEEL	0.0
1987	NNKSEES	0.0
1987	KSKNETL	0.0
1987	KSENETS	0.0
1987	NNRSKDS	0.0
1987	KNESKKS	0.0
1987	KNESEKS	0.0
1987	NNKSEDS	0.0
1987	KNESEES	0.0
1987	KNKGEDL	0.0
1987	KDENKTS	0.0
1987	KNEGEKL	0.0
1987	NNENETS	0.0
1987	KNKNETL	0.0
1988	KNENETS	0.0
1988	KNKSEDS	0.0
1988	KNENEKL	0.0
1988	KSKNETS	0.0
1988	KNKGEEL	0.9285714285714286
1988	NDRNEDS	0.0
1988	NNRSKDL	0.0
1988	KNENKTS	0.0
1988	NNKSKDS	0.0
1988	KSENEKS	0.0
1988	KNKSEES	0.0
1988	KNRSKDL	0.0
1988	KSENETL	0.0
1988	KSESETS	0.0
1988	KNENEKS	0.0
1988	NNESEKS	0.0
1988	NDRSKDS	0.0
1988	KNKSEEL	0.07142857142857142
1988	KDENETS	0.0
1988	KNESEEL	0.0
1988	KNESETS	0.0
1988	KSRNETS	0.0
1988	NDRSKDL	0.0
1988	NNRNKDL	0.0
1988	KNKSEKS	0.0
1988	KDESEKS	0.0
1988	KNRSEEL	0.0
1988	KNENETL	0.0
1988	NNESEKL	0.0
1988	KSESEKS	0.0
1988	KSKSETS	0.0
1988	KNRNEDS	0.0
1988	KNKNETS	0.0
1988	KNESETL	0.0
1988	KNESKTS	0.0
1988	KSENKTS	0.0
1988	KNESEKL	0.0
1988	KNEGEKS	0.0
1988	KNKSEKL	0.0
1988	NNKGEEL	0.0
1988	NNKSEES	0.0
1988	KSKNETL	0.0
1988	KSENETS	0.0
1988	NNRSKDS	0.0
1988	KNESKKS	0.0
1988	KNESEKS	0.0
1988	NNKSEDS	0.0
1988	KNESEES	0.0
1988	KNKGEDL	0.0
1988	KDENKTS	0.0
1988	KNEGEKL	0.0
1988	NNENETS	0.0
1988	KNKNETL	0.0
1989	KNENETS	0.0
1989	KNKSEDS	0.0
1989	KNENEKL	0.0
1989	KSKNETS	0.0
1989	KNKGEEL	0.9090909090909091
1989	NDRNEDS	0.0
1989	NNRSKDL	0.0
1989	KNENKTS	0.0
1989	NNKSKDS	0.0
1989	KSENEKS	0.0
1989	KNKSEES	0.0
1989	KNRSKDL	0.0
1989	KSENETL	0.0
1989	KSESETS	0.0
1989	KNENEKS	0.0
1989	NNESEKS	0.0
1989	NDRSKDS	0.0
1989	KNKSEEL	0.045454545454545456
1989	KDENETS	0.0
1989	KNESEEL	0.0
1989	KNESETS	0.0
1989	KSRNETS	0.0
1989	NDRSKDL	0.0
1989	NNRNKDL	0.0
1989	KNKSEKS	0.0
1989	KDESEKS	0.0
1989	KNRSEEL	0.0
1989	KNENETL	0.0
1989	NNESEKL	0.0
1989	KSESEKS	0.0
1989	KSKSETS	0.0
1989	KNRNEDS	0.0
1989	KNKNETS	0.0
1989	KNESETL	0.0
1989	KNESKTS	0.0
1989	KSENKTS	0.0
1989	KNESEKL	0.0
1989	KNEGEKS	0.0
1989	KNKSEKL	0.0
1989	NNKGEEL	0.0
1989	NNKSEES	0.0
1989	KSKNETL	0.0
1989	KSENETS	0.0
1989	NNRSKDS	0.0
1989	KNESKKS	0.0
1989	KNESEKS	0.0
1989	NNKSEDS	0.0
1989	KNESEES	0.0
1989	KNKGEDL	0.0
1989	KDENKTS	0.0
1989	KNEGEKL	0.0
1989	NNENETS	0.0
1989	KNKNETL	0.0
1990	KNENETS	0.0
1990	KNKSEDS	0.0
1990	KNENEKL	0.0
1990	KSKNETS	0.0
1990	KNKGEEL	0.8181818181818182
1990	NDRNEDS	0.0
1990	NNRSKDL	0.0
1990	KNENKTS	0.0
1990	NNKSKDS	0.0
1990	KSENEKS	0.0
1990	KNKSEES	0.0
1990	KNRSKDL	0.0
1990	KSENETL	0.0
1990	KSESETS	0.0
1990	KNENEKS	0.0
1990	NNESEKS	0.0
1990	NDRSKDS	0.0
1990	KNKSEEL	0.18181818181818182
1990	KDENETS	0.0
1990	KNESEEL	0.0
1990	KNESETS	0.0
1990	KSRNETS	0.0
1990	NDRSKDL	0.0
1990	NNRNKDL	0.0
1990	KNKSEKS	0.0
1990	KDESEKS	0.0
1990	KNRSEEL	0.0
1990	KNENETL	0.0
1990	NNESEKL	0.0
1990	KSESEKS	0.0
1990	KSKSETS	0.0
1990	KNRNEDS	0.0
1990	KNKNETS	0.0
1990	KNESETL	0.0
1990	KNESKTS	0.0
1990	KSENKTS	0.0
1990	KNESEKL	0.0
1990	KNEGEKS	0.0
1990	KNKSEKL	0.0
1990	NNKGEEL	0.0
1990	NNKSEES	0.0
1990	KSKNETL	0.0
1990	KSENETS	0.0
1990	NNRSKDS	0.0
1990	KNESKKS	0.0
1990	KNESEKS	0.0
1990	NNKSEDS	0.0
1990	KNESEES	0.0
1990	KNKGEDL	0.0
1990	KDENKTS	0.0
1990	KNEGEKL	0.0
1990	NNENETS	0.0
1990	KNKNETL	0.0
1991	KNENETS	0.0
1991	KNKSEDS	0.0
1991	KNENEKL	0.0
1991	KSKNETS	0.0
1991	KNKGEEL	0.825
1991	NDRNEDS	0.0
1991	NNRSKDL	0.0
1991	KNENKTS	0.0
1991	NNKSKDS	0.0
1991	KSENEKS	0.0
1991	KNKSEES	0.0
1991	KNRSKDL	0.0
1991	KSENETL	0.0
1991	KSESETS	0.0
1991	KNENEKS	0.0
1991	NNESEKS	0.0
1991	NDRSKDS	0.0
1991	KNKSEEL	0.15
1991	KDENETS	0.0
1991	KNESEEL	0.0
1991	KNESETS	0.0
1991	KSRNETS	0.0
1991	NDRSKDL	0.0
1991	NNRNKDL	0.0
1991	KNKSEKS	0.0
1991	KDESEKS	0.0
1991	KNRSEEL	0.0
1991	KNENETL	0.0
1991	NNESEKL	0.0
1991	KSESEKS	0.0
1991	KSKSETS	0.0
1991	KNRNEDS	0.0
1991	KNKNETS	0.0
1991	KNESETL	0.0
1991	KNESKTS	0.0
1991	KSENKTS	0.0
1991	KNESEKL	0.0
1991	KNEGEKS	0.0
1991	KNKSEKL	0.0
1991	NNKGEEL	0.0
1991	NNKSEES	0.0
1991	KSKNETL	0.0
1991	KSENETS	0.0
1991	NNRSKDS	0.0
1991	KNESKKS	0.0
1991	KNESEKS	0.0
1991	NNKSEDS	0.0
1991	KNESEES	0.0
1991	KNKGEDL	0.025
1991	KDENKTS	0.0
1991	KNEGEKL	0.0
1991	NNENETS	0.0
1991	KNKNETL	0.0
1992	KNENETS	0.0
1992	KNKSEDS	0.0
1992	KNENEKL	0.0
1992	KSKNETS	0.0
1992	KNKGEEL	0.38235294117647056
1992	NDRNEDS	0.0
1992	NNRSKDL	0.0
1992	KNENKTS	0.0
1992	NNKSKDS	0.0
1992	KSENEKS	0.0
1992	KNKSEES	0.0
1992	KNRSKDL	0.0
1992	KSENETL	0.0
1992	KSESETS	0.0
1992	KNENEKS	0.0
1992	NNESEKS	0.0
1992	NDRSKDS	0.0
1992	KNKSEEL	0.5588235294117647
1992	KDENETS	0.0
1992	KNESEEL	0.0
1992	KNESETS	0.0
1992	KSRNETS	0.0
1992	NDRSKDL	0.0
1992	NNRNKDL	0.0
1992	KNKSEKS	0.0
1992	KDESEKS	0.0
1992	KNRSEEL	0.0
1992	KNENETL	0.0
1992	NNESEKL	0.0
1992	KSESEKS	0.0
1992	KSKSETS	0.0
1992	KNRNEDS	0.0
1992	KNKNETS	0.0
1992	KNESETL	0.0
1992	KNESKTS	0.0
1992	KSENKTS	0.0
1992	KNESEKL	0.0
1992	KNEGEKS	0.0
1992	KNKSEKL	0.0
1992	NNKGEEL	0.029411764705882353
1992	NNKSEES	0.0
1992	KSKNETL	0.0
1992	KSENETS	0.0
1992	NNRSKDS	0.0
1992	KNESKKS	0.0
1992	KNESEKS	0.0
1992	NNKSEDS	0.0
1992	KNESEES	0.0
1992	KNKGEDL	0.0
1992	KDENKTS	0.0
1992	KNEGEKL	0.0
1992	NNENETS	0.0
1992	KNKNETL	0.0
1993	KNENETS	0.0
1993	KNKSEDS	0.0
1993	KNENEKL	0.0
1993	KSKNETS	0.0
1993	KNKGEEL	0.0
1993	NDRNEDS	0.0
1993	NNRSKDL	0.0
1993	KNENKTS	0.0
1993	NNKSKDS	0.0
1993	KSENEKS	0.0
1993	KNKSEES	0.0
1993	KNRSKDL	0.0
1993	KSENETL	0.0
1993	KSESETS	0.0
1993	KNENEKS	0.0
1993	NNESEKS	0.0
1993	NDRSKDS	0.0
1993	KNKSEEL	0.9904761904761905
1993	KDENETS	0.0
1993	KNESEEL	0.0
1993	KNESETS	0.0
1993	KSRNETS	0.0
1993	NDRSKDL	0.0
1993	NNRNKDL	0.0
1993	KNKSEKS	0.0
1993	KDESEKS	0.0
1993	KNRSEEL	0.0
1993	KNENETL	0.0
1993	NNESEKL	0.0
1993	KSESEKS	0.0
1993	KSKSETS	0.0
1993	KNRNEDS	0.0
1993	KNKNETS	0.0
1993	KNESETL	0.0
1993	KNESKTS	0.0
1993	KSENKTS	0.0
1993	KNESEKL	0.0
1993	KNEGEKS	0.0
1993	KNKSEKL	0.0
1993	NNKGEEL	0.0
1993	NNKSEES	0.0
1993	KSKNETL	0.0
1993	KSENETS	0.0
1993	NNRSKDS	0.0
1993	KNESKKS	0.0
1993	KNESEKS	0.0
1993	NNKSEDS	0.0
1993	KNESEES	0.0
1993	KNKGEDL	0.0
1993	KDENKTS	0.0
1993	KNEGEKL	0.0
1993	NNENETS	0.0
1993	KNKNETL	0.0
1994	KNENETS	0.0
1994	KNKSEDS	0.0
1994	KNENEKL	0.0
1994	KSKNETS	0.0
1994	KNKGEEL	0.0
1994	NDRNEDS	0.0
1994	NNRSKDL	0.0
1994	KNENKTS	0.0
1994	NNKSKDS	0.0
1994	KSENEKS	0.0
1994	KNKSEES	0.08
1994	KNRSKDL	0.0
1994	KSENETL	0.0
1994	KSESETS	0.0
1994	KNENEKS	0.0
1994	NNESEKS	0.0
1994	NDRSKDS	0.0
1994	KNKSEEL	0.84
1994	KDENETS	0.0
1994	KNESEEL	0.0
1994	KNESETS	0.0
1994	KSRNETS	0.0
1994	NDRSKDL	0.0
1994	NNRNKDL	0.0
1994	KNKSEKS	0.0
1994	KDESEKS	0.0
1994	KNRSEEL	0.013333333333333334
1994	KNENETL	0.0
1994	NNESEKL	0.0
1994	KSESEKS	0.0
1994	KSKSETS	0.0
1994	KNRNEDS	0.0
1994	KNKNETS	0.0
1994	KNESETL	0.0
1994	KNESKTS	0.0
1994	KSENKTS	0.0
1994	KNESEKL	0.013333333333333334
1994	KNEGEKS	0.0
1994	KNKSEKL	0.0
1994	NNKGEEL	0.0
1994	NNKSEES	0.0
1994	KSKNETL	0.0
1994	KSENETS	0.0
1994	NNRSKDS	0.0
1994	KNESKKS	0.0
1994	KNESEKS	0.0
1994	NNKSEDS	0.0
1994	KNESEES	0.0
1994	KNKGEDL	0.0
1994	KDENKTS	0.0
1994	KNEGEKL	0.0
1994	NNENETS	0.0
1994	KNKNETL	0.0
1995	KNENETS	0.0
1995	KNKSEDS	0.0
1995	KNENEKL	0.0
1995	KSKNETS	0.0
1995	KNKGEEL	0.0
1995	NDRNEDS	0.0
1995	NNRSKDL	0.0
1995	KNENKTS	0.0
1995	NNKSKDS	0.0
1995	KSENEKS	0.0
1995	KNKSEES	0.34615384615384615
1995	KNRSKDL	0.0
1995	KSENETL	0.0
1995	KSESETS	0.0
1995	KNENEKS	0.0
1995	NNESEKS	0.0
1995	NDRSKDS	0.0
1995	KNKSEEL	0.0
1995	KDENETS	0.0
1995	KNESEEL	0.0
1995	KNESETS	0.0
1995	KSRNETS	0.0
1995	NDRSKDL	0.0
1995	NNRNKDL	0.0
1995	KNKSEKS	0.0
1995	KDESEKS	0.0
1995	KNRSEEL	0.0
1995	KNENETL	0.0
1995	NNESEKL	0.0
1995	KSESEKS	0.0
1995	KSKSETS	0.0
1995	KNRNEDS	0.0
1995	KNKNETS	0.0
1995	KNESETL	0.0
1995	KNESKTS	0.0
1995	KSENKTS	0.0
1995	KNESEKL	0.6282051282051282
1995	KNEGEKS	0.0
1995	KNKSEKL	0.01282051282051282
1995	NNKGEEL	0.0
1995	NNKSEES	0.0
1995	KSKNETL	0.0
1995	KSENETS	0.0
1995	NNRSKDS	0.0
1995	KNESKKS	0.0
1995	KNESEKS	0.0
1995	NNKSEDS	0.0
1995	KNESEES	0.0
1995	KNKGEDL	0.0
1995	KDENKTS	0.0
1995	KNEGEKL	0.0
1995	NNENETS	0.0
1995	KNKNETL	0.0
1996	KNENETS	0.0
1996	KNKSEDS	0.0
1996	KNENEKL	0.0
1996	KSKNETS	0.0
1996	KNKGEEL	0.0
1996	NDRNEDS	0.0
1996	NNRSKDL	0.0
1996	KNENKTS	0.0
1996	NNKSKDS	0.0
1996	KSENEKS	0.0
1996	KNKSEES	0.0
1996	KNRSKDL	0.0
1996	KSENETL	0.0
1996	KSESETS	0.0
1996	KNENEKS	0.0
1996	NNESEKS	0.0
1996	NDRSKDS	0.0
1996	KNKSEEL	0.011235955056179775
1996	KDENETS	0.0
1996	KNESEEL	0.0
1996	KNESETS	0.0
1996	KSRNETS	0.0
1996	NDRSKDL	0.0
1996	NNRNKDL	0.0
1996	KNKSEKS	0.0
1996	KDESEKS	0.0
1996	KNRSEEL	0.0
1996	KNENETL	0.0
1996	NNESEKL	0.0
1996	KSESEKS	0.0
1996	KSKSETS	0.0
1996	KNRNEDS	0.0
1996	KNKNETS	0.0
1996	KNESETL	0.011235955056179775
1996	KNESKTS	0.0
1996	KSENKTS	0.0
1996	KNESEKL	0.8089887640449438
1996	KNEGEKS	0.0
1996	KNKSEKL	0.0
1996	NNKGEEL	0.0
1996	NNKSEES	0.0
1996	KSKNETL	0.0
1996	KSENETS	0.0
1996	NNRSKDS	0.0
1996	KNESKKS	0.0
1996	KNESEKS	0.02247191011235955
1996	NNKSEDS	0.0
1996	KNESEES	0.0
1996	KNKGEDL	0.0
1996	KDENKTS	0.0
1996	KNEGEKL	0.0
1996	NNENETS	0.0
1996	KNKNETL	0.0
1997	KNENETS	0.0
1997	KNKSEDS	0.0
1997	KNENEKL	0.010309278350515464
1997	KSKNETS	0.0
1997	KNKGEEL	0.0
1997	NDRNEDS	0.0
1997	NNRSKDL	0.0
1997	KNENKTS	0.0
1997	NNKSKDS	0.0
1997	KSENEKS	0.0
1997	KNKSEES	0.0
1997	KNRSKDL	0.0
1997	KSENETL	0.0
1997	KSESETS	0.0
1997	KNENEKS	0.0
1997	NNESEKS	0.0
1997	NDRSKDS	0.0
1997	KNKSEEL	0.0
1997	KDENETS	0.0
1997	KNESEEL	0.0
1997	KNESETS	0.0
1997	KSRNETS	0.0
1997	NDRSKDL	0.0
1997	NNRNKDL	0.0
1997	KNKSEKS	0.0
1997	KDESEKS	0.0
1997	KNRSEEL	0.0
1997	KNENETL	0.0
1997	NNESEKL	0.0
1997	KSESEKS	0.0
1997	KSKSETS	0.0
1997	KNRNEDS	0.0
1997	KNKNETS	0.0
1997	KNESETL	0.0
1997	KNESKTS	0.0
1997	KSENKTS	0.0
1997	KNESEKL	0.7010309278350515
1997	KNEGEKS	0.0
1997	KNKSEKL	0.0
1997	NNKGEEL	0.0
1997	NNKSEES	0.0
1997	KSKNETL	0.0
1997	KSENETS	0.0
1997	NNRSKDS	0.0
1997	KNESKKS	0.0
1997	KNESEKS	0.030927835051546393
1997	NNKSEDS	0.0
1997	KNESEES	0.0
1997	KNKGEDL	0.0
1997	KDENKTS	0.0
1997	KNEGEKL	0.0
1997	NNENETS	0.0
1997	KNKNETL	0.0
1998	KNENETS	0.0
1998	KNKSEDS	0.0
1998	KNENEKL	0.0
1998	KSKNETS	0.0
1998	KNKGEEL	0.0
1998	NDRNEDS	0.0
1998	NNRSKDL	0.0
1998	KNENKTS	0.0
1998	NNKSKDS	0.0
1998	KSENEKS	0.0
1998	KNKSEES	0.0
1998	KNRSKDL	0.0
1998	KSENETL	0.0
1998	KSESETS	0.0
1998	KNENEKS	0.0
1998	NNESEKS	0.0
1998	NDRSKDS	0.0
1998	KNKSEEL	0.008333333333333333
1998	KDENETS	0.0
1998	KNESEEL	0.0
1998	KNESETS	0.0
1998	KSRNETS	0.0
1998	NDRSKDL	0.0
1998	NNRNKDL	0.0
1998	KNKSEKS	0.0
1998	KDESEKS	0.0
1998	KNRSEEL	0.0
1998	KNENETL	0.0
1998	NNESEKL	0.0
1998	KSESEKS	0.0
1998	KSKSETS	0.0
1998	KNRNEDS	0.0
1998	KNKNETS	0.0
1998	KNESETL	0.0
1998	KNESKTS	0.0
1998	KSENKTS	0.0
1998	KNESEKL	0.25833333333333336
1998	KNEGEKS	0.0
1998	KNKSEKL	0.0
1998	NNKGEEL	0.0
1998	NNKSEES	0.0
1998	KSKNETL	0.0
1998	KSENETS	0.0
1998	NNRSKDS	0.0
1998	KNESKKS	0.0
1998	KNESEKS	0.10833333333333334
1998	NNKSEDS	0.0
1998	KNESEES	0.0
1998	KNKGEDL	0.0
1998	KDENKTS	0.0
1998	KNEGEKL	0.0
1998	NNENETS	0.0
1998	KNKNETL	0.0
1999	KNENETS	0.0
1999	KNKSEDS	0.0
1999	KNENEKL	0.0
1999	KSKNETS	0.0
1999	KNKGEEL	0.0
1999	NDRNEDS	0.0
1999	NNRSKDL	0.0
1999	KNENKTS	0.0
1999	NNKSKDS	0.0
1999	KSENEKS	0.0
1999	KNKSEES	0.0
1999	KNRSKDL	0.0
1999	KSENETL	0.0
1999	KSESETS	0.0
1999	KNENEKS	0.0
1999	NNESEKS	0.0
1999	NDRSKDS	0.0
1999	KNKSEEL	0.0
1999	KDENETS	0.0
1999	KNESEEL	0.005681818181818182
1999	KNESETS	0.0
1999	KSRNETS	0.0
1999	NDRSKDL	0.0
1999	NNRNKDL	0.0
1999	KNKSEKS	0.0
1999	KDESEKS	0.0
1999	KNRSEEL	0.0
1999	KNENETL	0.0
1999	NNESEKL	0.0
1999	KSESEKS	0.0
1999	KSKSETS	0.0
1999	KNRNEDS	0.0
1999	KNKNETS	0.0
1999	KNESETL	0.0
1999	KNESKTS	0.0
1999	KSENKTS	0.0
1999	KNESEKL	0.5170454545454546
1999	KNEGEKS	0.0
1999	KNKSEKL	0.0
1999	NNKGEEL	0.0
1999	NNKSEES	0.0
1999	KSKNETL	0.0
1999	KSENETS	0.0
1999	NNRSKDS	0.005681818181818182
1999	KNESKKS	0.0
1999	KNESEKS	0.1875
1999	NNKSEDS	0.0
1999	KNESEES	0.0
1999	KNKGEDL	0.0
1999	KDENKTS	0.0
1999	KNEGEKL	0.0
1999	NNENETS	0.0
1999	KNKNETL	0.0
2000	KNENETS	0.0
2000	KNKSEDS	0.0
2000	KNENEKL	0.0
2000	KSKNETS	0.0
2000	KNKGEEL	0.0
2000	NDRNEDS	0.0
2000	NNRSKDL	0.0
2000	KNENKTS	0.0
2000	NNKSKDS	0.0
2000	KSENEKS	0.0
2000	KNKSEES	0.0
2000	KNRSKDL	0.0
2000	KSENETL	0.0
2000	KSESETS	0.0
2000	KNENEKS	0.0
2000	NNESEKS	0.0
2000	NDRSKDS	0.0
2000	KNKSEEL	0.0
2000	KDENETS	0.0
2000	KNESEEL	0.0
2000	KNESETS	0.0
2000	KSRNETS	0.0
2000	NDRSKDL	0.0
2000	NNRNKDL	0.0
2000	KNKSEKS	0.0
2000	KDESEKS	0.0
2000	KNRSEEL	0.0
2000	KNENETL	0.0
2000	NNESEKL	0.0
2000	KSESEKS	0.0
2000	KSKSETS	0.0
2000	KNRNEDS	0.0
2000	KNKNETS	0.0
2000	KNESETL	0.0
2000	KNESKTS	0.0
2000	KSENKTS	0.0
2000	KNESEKL	0.9369369369369369
2000	KNEGEKS	0.0
2000	KNKSEKL	0.0
2000	NNKGEEL	0.0
2000	NNKSEES	0.0
2000	KSKNETL	0.0
2000	KSENETS	0.0
2000	NNRSKDS	0.0
2000	KNESKKS	0.0
2000	KNESEKS	0.009009009009009009
2000	NNKSEDS	0.0
2000	KNESEES	0.0
2000	KNKGEDL	0.0
2000	KDENKTS	0.0
2000	KNEGEKL	0.0
2000	NNENETS	0.0
2000	KNKNETL	0.0
2001	KNENETS	0.0
2001	KNKSEDS	0.0
2001	KNENEKL	0.0
2001	KSKNETS	0.0
2001	KNKGEEL	0.0
2001	NDRNEDS	0.0
2001	NNRSKDL	0.0
2001	KNENKTS	0.0
2001	NNKSKDS	0.0
2001	KSENEKS	0.0
2001	KNKSEES	0.0
2001	KNRSKDL	0.0
2001	KSENETL	0.0
2001	KSESETS	0.0
2001	KNENEKS	0.0
2001	NNESEKS	0.0
2001	NDRSKDS	0.0
2001	KNKSEEL	0.0
2001	KDENETS	0.0
2001	KNESEEL	0.0
2001	KNESETS	0.0
2001	KSRNETS	0.0
2001	NDRSKDL	0.0
2001	NNRNKDL	0.0
2001	KNKSEKS	0.0
2001	KDESEKS	0.0
2001	KNRSEEL	0.0
2001	KNENETL	0.0
2001	NNESEKL	0.0
2001	KSESEKS	0.0
2001	KSKSETS	0.0
2001	KNRNEDS	0.0
2001	KNKNETS	0.0
2001	KNESETL	0.0
2001	KNESKTS	0.0
2001	KSENKTS	0.0
2001	KNESEKL	0.9550561797752809
2001	KNEGEKS	0.0
2001	KNKSEKL	0.0
2001	NNKGEEL	0.0
2001	NNKSEES	0.0
2001	KSKNETL	0.0
2001	KSENETS	0.0
2001	NNRSKDS	0.0
2001	KNESKKS	0.0
2001	KNESEKS	0.011235955056179775
2001	NNKSEDS	0.0
2001	KNESEES	0.0
2001	KNKGEDL	0.0
2001	KDENKTS	0.0
2001	KNEGEKL	0.0
2001	NNENETS	0.0
2001	KNKNETL	0.0
2002	KNENETS	0.0
2002	KNKSEDS	0.0
2002	KNENEKL	0.0
2002	KSKNETS	0.0
2002	KNKGEEL	0.0
2002	NDRNEDS	0.0
2002	NNRSKDL	0.0
2002	KNENKTS	0.0
2002	NNKSKDS	0.0
2002	KSENEKS	0.0
2002	KNKSEES	0.0
2002	KNRSKDL	0.0
2002	KSENETL	0.0
2002	KSESETS	0.0
2002	KNENEKS	0.0
2002	NNESEKS	0.0
2002	NDRSKDS	0.0
2002	KNKSEEL	0.0038461538461538464
2002	KDENETS	0.0
2002	KNESEEL	0.0
2002	KNESETS	0.0
2002	KSRNETS	0.0
2002	NDRSKDL	0.0
2002	NNRNKDL	0.0
2002	KNKSEKS	0.0
2002	KDESEKS	0.0
2002	KNRSEEL	0.0
2002	KNENETL	0.0
2002	NNESEKL	0.0
2002	KSESEKS	0.0
2002	KSKSETS	0.0
2002	KNRNEDS	0.0
2002	KNKNETS	0.0
2002	KNESETL	0.0038461538461538464
2002	KNESKTS	0.0
2002	KSENKTS	0.0
2002	KNESEKL	0.9461538461538461
2002	KNEGEKS	0.0
2002	KNKSEKL	0.0
2002	NNKGEEL	0.0
2002	NNKSEES	0.0
2002	KSKNETL	0.0
2002	KSENETS	0.0
2002	NNRSKDS	0.0
2002	KNESKKS	0.0
2002	KNESEKS	0.0
2002	NNKSEDS	0.0
2002	KNESEES	0.0
2002	KNKGEDL	0.0
2002	KDENKTS	0.0
2002	KNEGEKL	0.0038461538461538464
2002	NNENETS	0.0
2002	KNKNETL	0.0
2003	KNENETS	0.0
2003	KNKSEDS	0.0
2003	KNENEKL	0.012345679012345678
2003	KSKNETS	0.0
2003	KNKGEEL	0.0
2003	NDRNEDS	0.0
2003	NNRSKDL	0.0
2003	KNENKTS	0.0
2003	NNKSKDS	0.0
2003	KSENEKS	0.0
2003	KNKSEES	0.0
2003	KNRSKDL	0.0
2003	KSENETL	0.0
2003	KSESETS	0.0
2003	KNENEKS	0.0
2003	NNESEKS	0.0
2003	NDRSKDS	0.0
2003	KNKSEEL	0.0
2003	KDENETS	0.0
2003	KNESEEL	0.0
2003	KNESETS	0.0
2003	KSRNETS	0.0
2003	NDRSKDL	0.0
2003	NNRNKDL	0.0
2003	KNKSEKS	0.0
2003	KDESEKS	0.0
2003	KNRSEEL	0.0
2003	KNENETL	0.0
2003	NNESEKL	0.0
2003	KSESEKS	0.0
2003	KSKSETS	0.0
2003	KNRNEDS	0.0
2003	KNKNETS	0.0
2003	KNESETL	0.0
2003	KNESKTS	0.0
2003	KSENKTS	0.0
2003	KNESEKL	0.9711934156378601
2003	KNEGEKS	0.0
2003	KNKSEKL	0.00205761316872428
2003	NNKGEEL	0.0
2003	NNKSEES	0.0
2003	KSKNETL	0.0
2003	KSENETS	0.0
2003	NNRSKDS	0.0
2003	KNESKKS	0.0
2003	KNESEKS	0.00205761316872428
2003	NNKSEDS	0.0
2003	KNESEES	0.0
2003	KNKGEDL	0.0
2003	KDENKTS	0.0
2003	KNEGEKL	0.0
2003	NNENETS	0.0
2003	KNKNETL	0.0
2004	KNENETS	0.0
2004	KNKSEDS	0.0
2004	KNENEKL	0.007537688442211055
2004	KSKNETS	0.0
2004	KNKGEEL	0.0
2004	NDRNEDS	0.0
2004	NNRSKDL	0.0
2004	KNENKTS	0.0
2004	NNKSKDS	0.0
2004	KSENEKS	0.0
2004	KNKSEES	0.0
2004	KNRSKDL	0.0
2004	KSENETL	0.0
2004	KSESETS	0.0
2004	KNENEKS	0.0
2004	NNESEKS	0.0
2004	NDRSKDS	0.0
2004	KNKSEEL	0.0
2004	KDENETS	0.0
2004	KNESEEL	0.0
2004	KNESETS	0.0
2004	KSRNETS	0.0
2004	NDRSKDL	0.0
2004	NNRNKDL	0.0
2004	KNKSEKS	0.0
2004	KDESEKS	0.0
2004	KNRSEEL	0.0
2004	KNENETL	0.0
2004	NNESEKL	0.0
2004	KSESEKS	0.0
2004	KSKSETS	0.0
2004	KNRNEDS	0.0
2004	KNKNETS	0.0
2004	KNESETL	0.0
2004	KNESKTS	0.0
2004	KSENKTS	0.0
2004	KNESEKL	0.964824120603015
2004	KNEGEKS	0.0
2004	KNKSEKL	0.002512562814070352
2004	NNKGEEL	0.0
2004	NNKSEES	0.0
2004	KSKNETL	0.0
2004	KSENETS	0.0
2004	NNRSKDS	0.0
2004	KNESKKS	0.0
2004	KNESEKS	0.022613065326633167
2004	NNKSEDS	0.0
2004	KNESEES	0.0
2004	KNKGEDL	0.0
2004	KDENKTS	0.0
2004	KNEGEKL	0.0
2004	NNENETS	0.0
2004	KNKNETL	0.0
2005	KNENETS	0.0
2005	KNKSEDS	0.0
2005	KNENEKL	0.0
2005	KSKNETS	0.0
2005	KNKGEEL	0.0
2005	NDRNEDS	0.0
2005	NNRSKDL	0.0
2005	KNENKTS	0.0
2005	NNKSKDS	0.0
2005	KSENEKS	0.0
2005	KNKSEES	0.0
2005	KNRSKDL	0.0
2005	KSENETL	0.0
2005	KSESETS	0.0
2005	KNENEKS	0.0
2005	NNESEKS	0.0
2005	NDRSKDS	0.0
2005	KNKSEEL	0.0
2005	KDENETS	0.0
2005	KNESEEL	0.0
2005	KNESETS	0.0
2005	KSRNETS	0.0
2005	NDRSKDL	0.0
2005	NNRNKDL	0.0
2005	KNKSEKS	0.0
2005	KDESEKS	0.0
2005	KNRSEEL	0.0
2005	KNENETL	0.0
2005	NNESEKL	0.0023148148148148147
2005	KSESEKS	0.0
2005	KSKSETS	0.0
2005	KNRNEDS	0.0
2005	KNKNETS	0.0
2005	KNESETL	0.0
2005	KNESKTS	0.0
2005	KSENKTS	0.0
2005	KNESEKL	0.9583333333333334
2005	KNEGEKS	0.0
2005	KNKSEKL	0.0
2005	NNKGEEL	0.0
2005	NNKSEES	0.0
2005	KSKNETL	0.0
2005	KSENETS	0.0
2005	NNRSKDS	0.0
2005	KNESKKS	0.0
2005	KNESEKS	0.009259259259259259
2005	NNKSEDS	0.0
2005	KNESEES	0.0
2005	KNKGEDL	0.0
2005	KDENKTS	0.0
2005	KNEGEKL	0.0
2005	NNENETS	0.0
2005	KNKNETL	0.0
2006	KNENETS	0.0
2006	KNKSEDS	0.0
2006	KNENEKL	0.0
2006	KSKNETS	0.0
2006	KNKGEEL	0.0
2006	NDRNEDS	0.0
2006	NNRSKDL	0.0
2006	KNENKTS	0.0
2006	NNKSKDS	0.0
2006	KSENEKS	0.0
2006	KNKSEES	0.0
2006	KNRSKDL	0.0
2006	KSENETL	0.0
2006	KSESETS	0.0
2006	KNENEKS	0.0
2006	NNESEKS	0.0
2006	NDRSKDS	0.0
2006	KNKSEEL	0.0
2006	KDENETS	0.0
2006	KNESEEL	0.0
2006	KNESETS	0.0
2006	KSRNETS	0.0
2006	NDRSKDL	0.0
2006	NNRNKDL	0.0
2006	KNKSEKS	0.0
2006	KDESEKS	0.0029069767441860465
2006	KNRSEEL	0.0
2006	KNENETL	0.0
2006	NNESEKL	0.0
2006	KSESEKS	0.0
2006	KSKSETS	0.0
2006	KNRNEDS	0.0
2006	KNKNETS	0.0
2006	KNESETL	0.0
2006	KNESKTS	0.0
2006	KSENKTS	0.0
2006	KNESEKL	0.5872093023255814
2006	KNEGEKS	0.0
2006	KNKSEKL	0.0
2006	NNKGEEL	0.0
2006	NNKSEES	0.0
2006	KSKNETL	0.0
2006	KSENETS	0.0
2006	NNRSKDS	0.0
2006	KNESKKS	0.0
2006	KNESEKS	0.26453488372093026
2006	NNKSEDS	0.0
2006	KNESEES	0.0
2006	KNKGEDL	0.0
2006	KDENKTS	0.0
2006	KNEGEKL	0.0
2006	NNENETS	0.0
2006	KNKNETL	0.0
2007	KNENETS	0.0
2007	KNKSEDS	0.0
2007	KNENEKL	0.0
2007	KSKNETS	0.0
2007	KNKGEEL	0.0
2007	NDRNEDS	0.0
2007	NNRSKDL	0.0
2007	KNENKTS	0.0
2007	NNKSKDS	0.0
2007	KSENEKS	0.0
2007	KNKSEES	0.0
2007	KNRSKDL	0.0
2007	KSENETL	0.0
2007	KSESETS	0.0
2007	KNENEKS	0.0016339869281045752
2007	NNESEKS	0.0
2007	NDRSKDS	0.0
2007	KNKSEEL	0.0
2007	KDENETS	0.0
2007	KNESEEL	0.0
2007	KNESETS	0.0
2007	KSRNETS	0.0
2007	NDRSKDL	0.0
2007	NNRNKDL	0.0
2007	KNKSEKS	0.0016339869281045752
2007	KDESEKS	0.0016339869281045752
2007	KNRSEEL	0.0
2007	KNENETL	0.0
2007	NNESEKL	0.0
2007	KSESEKS	0.0032679738562091504
2007	KSKSETS	0.0
2007	KNRNEDS	0.0
2007	KNKNETS	0.0
2007	KNESETL	0.0
2007	KNESKTS	0.0
2007	KSENKTS	0.0
2007	KNESEKL	0.07026143790849673
2007	KNEGEKS	0.0016339869281045752
2007	KNKSEKL	0.0
2007	NNKGEEL	0.0
2007	NNKSEES	0.0
2007	KSKNETL	0.0
2007	KSENETS	0.0
2007	NNRSKDS	0.0
2007	KNESKKS	0.0
2007	KNESEKS	0.9117647058823529
2007	NNKSEDS	0.0
2007	KNESEES	0.0
2007	KNKGEDL	0.0
2007	KDENKTS	0.0
2007	KNEGEKL	0.0
2007	NNENETS	0.0
2007	KNKNETL	0.0
2008	KNENETS	0.0
2008	KNKSEDS	0.0
2008	KNENEKL	0.0012091898428053204
2008	KSKNETS	0.0
2008	KNKGEEL	0.0
2008	NDRNEDS	0.0
2008	NNRSKDL	0.0
2008	KNENKTS	0.0
2008	NNKSKDS	0.0
2008	KSENEKS	0.0
2008	KNKSEES	0.0
2008	KNRSKDL	0.0
2008	KSENETL	0.0
2008	KSESETS	0.0
2008	KNENEKS	0.0024183796856106408
2008	NNESEKS	0.0
2008	NDRSKDS	0.0
2008	KNKSEEL	0.0
2008	KDENETS	0.0
2008	KNESEEL	0.0
2008	KNESETS	0.0
2008	KSRNETS	0.0
2008	NDRSKDL	0.0
2008	NNRNKDL	0.0
2008	KNKSEKS	0.0012091898428053204
2008	KDESEKS	0.0
2008	KNRSEEL	0.0
2008	KNENETL	0.0
2008	NNESEKL	0.0
2008	KSESEKS	0.0012091898428053204
2008	KSKSETS	0.0
2008	KNRNEDS	0.0
2008	KNKNETS	0.0
2008	KNESETL	0.0
2008	KNESKTS	0.0
2008	KSENKTS	0.0
2008	KNESEKL	0.0012091898428053204
2008	KNEGEKS	0.0
2008	KNKSEKL	0.0
2008	NNKGEEL	0.0
2008	NNKSEES	0.0
2008	KSKNETL	0.0
2008	KSENETS	0.0
2008	NNRSKDS	0.0
2008	KNESKKS	0.0012091898428053204
2008	KNESEKS	0.9806529625151149
2008	NNKSEDS	0.0
2008	KNESEES	0.0
2008	KNKGEDL	0.0
2008	KDENKTS	0.0
2008	KNEGEKL	0.0
2008	NNENETS	0.0
2008	KNKNETL	0.0
2009	KNENETS	0.041666666666666664
2009	KNKSEDS	0.0
2009	KNENEKL	0.0
2009	KSKNETS	0.0
2009	KNKGEEL	0.0
2009	NDRNEDS	0.0
2009	NNRSKDL	0.0
2009	KNENKTS	0.0
2009	NNKSKDS	0.0
2009	KSENEKS	0.0
2009	KNKSEES	0.0
2009	KNRSKDL	0.0
2009	KSENETL	0.0
2009	KSESETS	0.0
2009	KNENEKS	0.0007861635220125787
2009	NNESEKS	0.0007861635220125787
2009	NDRSKDS	0.0
2009	KNKSEEL	0.0
2009	KDENETS	0.0
2009	KNESEEL	0.0
2009	KNESETS	0.0
2009	KSRNETS	0.0
2009	NDRSKDL	0.0
2009	NNRNKDL	0.0
2009	KNKSEKS	0.0
2009	KDESEKS	0.0007861635220125787
2009	KNRSEEL	0.0
2009	KNENETL	0.0
2009	NNESEKL	0.0
2009	KSESEKS	0.0031446540880503146
2009	KSKSETS	0.0
2009	KNRNEDS	0.0
2009	KNKNETS	0.0
2009	KNESETL	0.0
2009	KNESKTS	0.0
2009	KSENKTS	0.0
2009	KNESEKL	0.0015723270440251573
2009	KNEGEKS	0.0
2009	KNKSEKL	0.0
2009	NNKGEEL	0.0
2009	NNKSEES	0.0
2009	KSKNETL	0.0
2009	KSENETS	0.0
2009	NNRSKDS	0.0
2009	KNESKKS	0.0007861635220125787
2009	KNESEKS	0.940251572327044
2009	NNKSEDS	0.0
2009	KNESEES	0.0007861635220125787
2009	KNKGEDL	0.0
2009	KDENKTS	0.0
2009	KNEGEKL	0.0
2009	NNENETS	0.0
2009	KNKNETL	0.0
2010	KNENETS	0.8590138674884438
2010	KNKSEDS	0.0
2010	KNENEKL	0.0
2010	KSKNETS	0.0
2010	KNKGEEL	0.0
2010	NDRNEDS	0.0
2010	NNRSKDL	0.0
2010	KNENKTS	0.0
2010	NNKSKDS	0.0
2010	KSENEKS	0.0
2010	KNKSEES	0.0
2010	KNRSKDL	0.0
2010	KSENETL	0.0
2010	KSESETS	0.0
2010	KNENEKS	0.0007704160246533128
2010	NNESEKS	0.0
2010	NDRSKDS	0.0007704160246533128
2010	KNKSEEL	0.0
2010	KDENETS	0.0007704160246533128
2010	KNESEEL	0.0
2010	KNESETS	0.0007704160246533128
2010	KSRNETS	0.0
2010	NDRSKDL	0.0
2010	NNRNKDL	0.0
2010	KNKSEKS	0.0
2010	KDESEKS	0.0
2010	KNRSEEL	0.0
2010	KNENETL	0.0
2010	NNESEKL	0.0
2010	KSESEKS	0.0
2010	KSKSETS	0.0
2010	KNRNEDS	0.0
2010	KNKNETS	0.0023112480739599386
2010	KNESETL	0.0
2010	KNESKTS	0.0
2010	KSENKTS	0.0
2010	KNESEKL	0.0007704160246533128
2010	KNEGEKS	0.0
2010	KNKSEKL	0.0
2010	NNKGEEL	0.0
2010	NNKSEES	0.0
2010	KSKNETL	0.0023112480739599386
2010	KSENETS	0.0
2010	NNRSKDS	0.0
2010	KNESKKS	0.0
2010	KNESEKS	0.12095531587057011
2010	NNKSEDS	0.0
2010	KNESEES	0.0
2010	KNKGEDL	0.0
2010	KDENKTS	0.0
2010	KNEGEKL	0.0
2010	NNENETS	0.0
2010	KNKNETL	0.0
2011	KNENETS	0.8778067885117493
2011	KNKSEDS	0.0
2011	KNENEKL	0.0
2011	KSKNETS	0.0005221932114882506
2011	KNKGEEL	0.0
2011	NDRNEDS	0.0
2011	NNRSKDL	0.0
2011	KNENKTS	0.0
2011	NNKSKDS	0.0
2011	KSENEKS	0.0
2011	KNKSEES	0.0
2011	KNRSKDL	0.0
2011	KSENETL	0.0
2011	KSESETS	0.0
2011	KNENEKS	0.001566579634464752
2011	NNESEKS	0.0
2011	NDRSKDS	0.0
2011	KNKSEEL	0.0
2011	KDENETS	0.0005221932114882506
2011	KNESEEL	0.0
2011	KNESETS	0.001566579634464752
2011	KSRNETS	0.0
2011	NDRSKDL	0.0
2011	NNRNKDL	0.0
2011	KNKSEKS	0.0
2011	KDESEKS	0.0
2011	KNRSEEL	0.0
2011	KNENETL	0.0
2011	NNESEKL	0.0
2011	KSESEKS	0.0005221932114882506
2011	KSKSETS	0.0
2011	KNRNEDS	0.0
2011	KNKNETS	0.0005221932114882506
2011	KNESETL	0.0
2011	KNESKTS	0.0
2011	KSENKTS	0.0
2011	KNESEKL	0.0
2011	KNEGEKS	0.0
2011	KNKSEKL	0.0
2011	NNKGEEL	0.0
2011	NNKSEES	0.0
2011	KSKNETL	0.004699738903394256
2011	KSENETS	0.0026109660574412533
2011	NNRSKDS	0.0
2011	KNESKKS	0.0
2011	KNESEKS	0.06579634464751959
2011	NNKSEDS	0.0
2011	KNESEES	0.0
2011	KNKGEDL	0.0
2011	KDENKTS	0.0
2011	KNEGEKL	0.0
2011	NNENETS	0.0
2011	KNKNETL	0.0
2012	KNENETS	0.8901216893342878
2012	KNKSEDS	0.0
2012	KNENEKL	0.0
2012	KSKNETS	0.0
2012	KNKGEEL	0.0
2012	NDRNEDS	0.0
2012	NNRSKDL	0.0
2012	KNENKTS	0.0
2012	NNKSKDS	0.0
2012	KSENEKS	0.0
2012	KNKSEES	0.0
2012	KNRSKDL	0.0
2012	KSENETL	0.0
2012	KSESETS	0.0
2012	KNENEKS	0.015032211882605583
2012	NNESEKS	0.0
2012	NDRSKDS	0.0
2012	KNKSEEL	0.0
2012	KDENETS	0.00894774516821761
2012	KNESEEL	0.0
2012	KNESETS	0.0010737294201861132
2012	KSRNETS	0.0
2012	NDRSKDL	0.0
2012	NNRNKDL	0.0
2012	KNKSEKS	0.0
2012	KDESEKS	0.0
2012	KNRSEEL	0.0
2012	KNENETL	0.0007158196134574087
2012	NNESEKL	0.0
2012	KSESEKS	0.0
2012	KSKSETS	0.0
2012	KNRNEDS	0.0
2012	KNKNETS	0.0007158196134574087
2012	KNESETL	0.0
2012	KNESKTS	0.0
2012	KSENKTS	0.0
2012	KNESEKL	0.00035790980672870435
2012	KNEGEKS	0.0
2012	KNKSEKL	0.0
2012	NNKGEEL	0.0
2012	NNKSEES	0.0
2012	KSKNETL	0.0010737294201861132
2012	KSENETS	0.003937007874015748
2012	NNRSKDS	0.0
2012	KNESKKS	0.0
2012	KNESEKS	0.04402290622763064
2012	NNKSEDS	0.0
2012	KNESEES	0.0
2012	KNKGEDL	0.0
2012	KDENKTS	0.0
2012	KNEGEKL	0.0
2012	NNENETS	0.0
2012	KNKNETL	0.0
2013	KNENETS	0.9439635535307517
2013	KNKSEDS	0.0
2013	KNENEKL	0.0
2013	KSKNETS	0.0
2013	KNKGEEL	0.0
2013	NDRNEDS	0.0
2013	NNRSKDL	0.0
2013	KNENKTS	0.00045558086560364467
2013	NNKSKDS	0.0
2013	KSENEKS	0.0
2013	KNKSEES	0.0
2013	KNRSKDL	0.0
2013	KSENETL	0.0
2013	KSESETS	0.0
2013	KNENEKS	0.01457858769931663
2013	NNESEKS	0.0
2013	NDRSKDS	0.0
2013	KNKSEEL	0.0
2013	KDENETS	0.0009111617312072893
2013	KNESEEL	0.0
2013	KNESETS	0.00045558086560364467
2013	KSRNETS	0.0
2013	NDRSKDL	0.0
2013	NNRNKDL	0.0
2013	KNKSEKS	0.0
2013	KDESEKS	0.0
2013	KNRSEEL	0.0
2013	KNENETL	0.0
2013	NNESEKL	0.0
2013	KSESEKS	0.0
2013	KSKSETS	0.0
2013	KNRNEDS	0.0
2013	KNKNETS	0.0018223234624145787
2013	KNESETL	0.0
2013	KNESKTS	0.00045558086560364467
2013	KSENKTS	0.0
2013	KNESEKL	0.0
2013	KNEGEKS	0.0
2013	KNKSEKL	0.0
2013	NNKGEEL	0.0
2013	NNKSEES	0.0
2013	KSKNETL	0.0
2013	KSENETS	0.002277904328018223
2013	NNRSKDS	0.0
2013	KNESKKS	0.0
2013	KNESEKS	0.005466970387243736
2013	NNKSEDS	0.0
2013	KNESEES	0.0
2013	KNKGEDL	0.0
2013	KDENKTS	0.0
2013	KNEGEKL	0.0
2013	NNENETS	0.0
2013	KNKNETL	0.0
2014	KNENETS	0.9242723236309818
2014	KNKSEDS	0.0
2014	KNENEKL	0.0014800197335964479
2014	KSKNETS	0.0
2014	KNKGEEL	0.0
2014	NDRNEDS	0.0
2014	NNRSKDL	0.0
2014	KNENKTS	0.000493339911198816
2014	NNKSKDS	0.0
2014	KSENEKS	0.0
2014	KNKSEES	0.0
2014	KNRSKDL	0.0
2014	KSENETL	0.0
2014	KSESETS	0.0
2014	KNENEKS	0.004440059200789344
2014	NNESEKS	0.0
2014	NDRSKDS	0.0
2014	KNKSEEL	0.0
2014	KDENETS	0.000493339911198816
2014	KNESEEL	0.0
2014	KNESETS	0.0007400098667982239
2014	KSRNETS	0.0
2014	NDRSKDL	0.0
2014	NNRNKDL	0.0
2014	KNKSEKS	0.0
2014	KDESEKS	0.0
2014	KNRSEEL	0.0
2014	KNENETL	0.002220029600394672
2014	NNESEKL	0.0
2014	KSESEKS	0.0
2014	KSKSETS	0.0
2014	KNRNEDS	0.0
2014	KNKNETS	0.0014800197335964479
2014	KNESETL	0.0
2014	KNESKTS	0.0
2014	KSENKTS	0.0
2014	KNESEKL	0.0
2014	KNEGEKS	0.0
2014	KNKSEKL	0.0
2014	NNKGEEL	0.0
2014	NNKSEES	0.0
2014	KSKNETL	0.0
2014	KSENETS	0.001973359644795264
2014	NNRSKDS	0.0
2014	KNESKKS	0.0
2014	KNESEKS	0.000246669955599408
2014	NNKSEDS	0.000246669955599408
2014	KNESEES	0.0
2014	KNKGEDL	0.0
2014	KDENKTS	0.0
2014	KNEGEKL	0.0
2014	NNENETS	0.0
2014	KNKNETL	0.0
2015	KNENETS	0.9278409090909091
2015	KNKSEDS	0.0
2015	KNENEKL	0.0022727272727272726
2015	KSKNETS	0.0
2015	KNKGEEL	0.0
2015	NDRNEDS	0.0
2015	NNRSKDL	0.0
2015	KNENKTS	0.0003787878787878788
2015	NNKSKDS	0.0
2015	KSENEKS	0.0
2015	KNKSEES	0.0
2015	KNRSKDL	0.0
2015	KSENETL	0.0
2015	KSESETS	0.0
2015	KNENEKS	0.003787878787878788
2015	NNESEKS	0.0
2015	NDRSKDS	0.0
2015	KNKSEEL	0.0
2015	KDENETS	0.0005681818181818182
2015	KNESEEL	0.0
2015	KNESETS	0.0001893939393939394
2015	KSRNETS	0.0
2015	NDRSKDL	0.0
2015	NNRNKDL	0.0
2015	KNKSEKS	0.0
2015	KDESEKS	0.0
2015	KNRSEEL	0.0
2015	KNENETL	0.0003787878787878788
2015	NNESEKL	0.0
2015	KSESEKS	0.0
2015	KSKSETS	0.0
2015	KNRNEDS	0.0
2015	KNKNETS	0.003977272727272727
2015	KNESETL	0.0
2015	KNESKTS	0.0
2015	KSENKTS	0.0
2015	KNESEKL	0.000946969696969697
2015	KNEGEKS	0.0
2015	KNKSEKL	0.0
2015	NNKGEEL	0.0
2015	NNKSEES	0.0
2015	KSKNETL	0.0
2015	KSENETS	0.003977272727272727
2015	NNRSKDS	0.0
2015	KNESKKS	0.0
2015	KNESEKS	0.000946969696969697
2015	NNKSEDS	0.0
2015	KNESEES	0.0
2015	KNKGEDL	0.0
2015	KDENKTS	0.0
2015	KNEGEKL	0.0
2015	NNENETS	0.0001893939393939394
2015	KNKNETL	0.0
2016	KNENETS	0.8468648898474811
2016	KNKSEDS	0.0
2016	KNENEKL	0.0
2016	KSKNETS	0.0
2016	KNKGEEL	0.0
2016	NDRNEDS	0.00015405946695424435
2016	NNRSKDL	0.0
2016	KNENKTS	0.0007702973347712217
2016	NNKSKDS	0.0
2016	KSENEKS	0.0
2016	KNKSEES	0.0
2016	KNRSKDL	0.00015405946695424435
2016	KSENETL	0.0
2016	KSESETS	0.0
2016	KNENEKS	0.0015405946695424434
2016	NNESEKS	0.0
2016	NDRSKDS	0.0
2016	KNKSEEL	0.0
2016	KDENETS	0.0020027730704051763
2016	KNESEEL	0.0
2016	KNESETS	0.0
2016	KSRNETS	0.0
2016	NDRSKDL	0.002619010938222154
2016	NNRNKDL	0.0
2016	KNKSEKS	0.0
2016	KDESEKS	0.0
2016	KNRSEEL	0.0
2016	KNENETL	0.0003081189339084887
2016	NNESEKL	0.0
2016	KSESEKS	0.0
2016	KSKSETS	0.0
2016	KNRNEDS	0.00015405946695424435
2016	KNKNETS	0.012632876290248035
2016	KNESETL	0.0
2016	KNESKTS	0.0
2016	KSENKTS	0.0010784162686797104
2016	KNESEKL	0.002619010938222154
2016	KNEGEKS	0.0
2016	KNKSEKL	0.0
2016	NNKGEEL	0.0
2016	NNKSEES	0.0
2016	KSKNETL	0.00046217840086273303
2016	KSENETS	0.10090895085503004
2016	NNRSKDS	0.0
2016	KNESKKS	0.0
2016	KNESEKS	0.0
2016	NNKSEDS	0.0
2016	KNESEES	0.0
2016	KNKGEDL	0.0
2016	KDENKTS	0.00015405946695424435
2016	KNEGEKL	0.0
2016	NNENETS	0.0
2016	KNKNETL	0.0
2017	KNENETS	0.4669358909641595
2017	KNKSEDS	0.0
2017	KNENEKL	0.0
2017	KSKNETS	0.0017667844522968198
2017	KNKGEEL	0.0
2017	NDRNEDS	0.0
2017	NNRSKDL	0.0
2017	KNENKTS	0.0021033148241628805
2017	NNKSKDS	0.0
2017	KSENEKS	8.413259296651523e-05
2017	KNKSEES	0.0
2017	KNRSKDL	0.0
2017	KSENETL	0.0
2017	KSESETS	0.0
2017	KNENEKS	0.0010095911155981827
2017	NNESEKS	0.0
2017	NDRSKDS	0.0
2017	KNKSEEL	0.0
2017	KDENETS	8.413259296651523e-05
2017	KNESEEL	0.0
2017	KNESETS	0.0003365303718660609
2017	KSRNETS	0.0
2017	NDRSKDL	0.0013461214874642437
2017	NNRNKDL	0.0
2017	KNKSEKS	0.0
2017	KDESEKS	0.0
2017	KNRSEEL	0.0
2017	KNENETL	0.00016826518593303046
2017	NNESEKL	0.0
2017	KSESEKS	0.0
2017	KSKSETS	0.0
2017	KNRNEDS	0.0
2017	KNKNETS	0.022295137136126537
2017	KNESETL	0.0
2017	KNESKTS	0.0
2017	KSENKTS	0.00950698300521622
2017	KNESEKL	0.0
2017	KNEGEKS	0.0
2017	KNKSEKL	0.0
2017	NNKGEEL	0.0
2017	NNKSEES	0.0
2017	KSKNETL	0.0
2017	KSENETS	0.4547366649840148
2017	NNRSKDS	0.0
2017	KNESKKS	0.0
2017	KNESEKS	0.004543160020191822
2017	NNKSEDS	0.0
2017	KNESEES	0.0
2017	KNKGEDL	0.0
2017	KDENKTS	0.0019350496382298501
2017	KNEGEKL	0.0
2017	NNENETS	8.413259296651523e-05
2017	KNKNETL	8.413259296651523e-05
2018	KNENETS	0.032146684129062984
2018	KNKSEDS	0.0
2018	KNENEKL	0.0
2018	KSKNETS	0.0950113108703417
2018	KNKGEEL	0.0
2018	NDRNEDS	0.0
2018	NNRSKDL	0.0
2018	KNENKTS	0.00011906179307060365
2018	NNKSKDS	0.0
2018	KSENEKS	0.0002381235861412073
2018	KNKSEES	0.0
2018	KNRSKDL	0.0
2018	KSENETL	0.002381235861412073
2018	KSESETS	0.0002381235861412073
2018	KNENEKS	0.0
2018	NNESEKS	0.0
2018	NDRSKDS	0.0
2018	KNKSEEL	0.0
2018	KDENETS	0.0
2018	KNESEEL	0.0
2018	KNESETS	0.0
2018	KSRNETS	0.0
2018	NDRSKDL	0.0
2018	NNRNKDL	0.0
2018	KNKSEKS	0.0
2018	KDESEKS	0.0
2018	KNRSEEL	0.0
2018	KNENETL	0.0
2018	NNESEKL	0.0
2018	KSESEKS	0.0
2018	KSKSETS	0.0
2018	KNRNEDS	0.0
2018	KNKNETS	0.013930229789260626
2018	KNESETL	0.0
2018	KNESKTS	0.0
2018	KSENKTS	0.007024645791165615
2018	KNESEKL	0.0002381235861412073
2018	KNEGEKS	0.0
2018	KNKSEKL	0.0
2018	NNKGEEL	0.0
2018	NNKSEES	0.0
2018	KSKNETL	0.0
2018	KSENETS	0.751875223240862
2018	NNRSKDS	0.0
2018	KNESKKS	0.0
2018	KNESEKS	0.00011906179307060365
2018	NNKSEDS	0.0
2018	KNESEES	0.0
2018	KNKGEDL	0.0
2018	KDENKTS	0.0002381235861412073
2018	KNEGEKL	0.0
2018	NNENETS	0.0
2018	KNKNETL	0.0
2019	KNENETS	0.0059619019921477385
2019	KNKSEDS	0.0
2019	KNENEKL	0.0
2019	KSKNETS	0.4126072415297368
2019	KNKGEEL	0.0
2019	NDRNEDS	0.0
2019	NNRSKDL	0.0
2019	KNENKTS	0.0
2019	NNKSKDS	0.0
2019	KSENEKS	0.0002181183655663807
2019	KNKSEES	0.0
2019	KNRSKDL	0.0
2019	KSENETL	0.0
2019	KSESETS	0.0
2019	KNENEKS	0.0
2019	NNESEKS	0.0
2019	NDRSKDS	0.0
2019	KNKSEEL	0.0
2019	KDENETS	0.0
2019	KNESEEL	0.0
2019	KNESETS	0.0
2019	KSRNETS	0.00014541224371092046
2019	NDRSKDL	0.0
2019	NNRNKDL	0.0
2019	KNKSEKS	0.0
2019	KDESEKS	0.0
2019	KNRSEEL	0.0
2019	KNENETL	0.0
2019	NNESEKL	0.0
2019	KSESEKS	0.0
2019	KSKSETS	7.270612185546023e-05
2019	KNRNEDS	0.0
2019	KNKNETS	0.009742620328631671
2019	KNESETL	0.0
2019	KNESKTS	0.0
2019	KSENKTS	0.002835538752362949
2019	KNESEKL	0.0
2019	KNEGEKS	0.0
2019	KNKSEKL	0.0
2019	NNKGEEL	0.0
2019	NNKSEES	0.0
2019	KSKNETL	0.00014541224371092046
2019	KSENETS	0.16511560273375017
2019	NNRSKDS	0.0
2019	KNESKKS	0.0
2019	KNESEKS	7.270612185546023e-05
2019	NNKSEDS	0.0
2019	KNESEES	0.0
2019	KNKGEDL	0.0
2019	KDENKTS	0.0
2019	KNEGEKL	0.0
2019	NNENETS	0.0
2019	KNKNETL	0.0
2020	KNENETS	0.001669449081803005
2020	KNKSEDS	0.0
2020	KNENEKL	0.0012520868113522537
2020	KSKNETS	0.6798831385642737
2020	KNKGEEL	0.0
2020	NDRNEDS	0.0
2020	NNRSKDL	0.0
2020	KNENKTS	0.0
2020	NNKSKDS	0.0
2020	KSENEKS	0.0
2020	KNKSEES	0.0
2020	KNRSKDL	0.0
2020	KSENETL	0.0
2020	KSESETS	0.0
2020	KNENEKS	0.0
2020	NNESEKS	0.0
2020	NDRSKDS	0.0
2020	KNKSEEL	0.0
2020	KDENETS	0.0
2020	KNESEEL	0.0
2020	KNESETS	0.0
2020	KSRNETS	0.0
2020	NDRSKDL	0.0
2020	NNRNKDL	0.0
2020	KNKSEKS	0.0
2020	KDESEKS	0.0
2020	KNRSEEL	0.0
2020	KNENETL	0.0
2020	NNESEKL	0.0
2020	KSESEKS	0.0
2020	KSKSETS	0.00041736227045075126
2020	KNRNEDS	0.0
2020	KNKNETS	0.002086811352253756
2020	KNESETL	0.0
2020	KNESKTS	0.0
2020	KSENKTS	0.0
2020	KNESEKL	0.0
2020	KNEGEKS	0.0
2020	KNKSEKL	0.0
2020	NNKGEEL	0.0
2020	NNKSEES	0.0
2020	KSKNETL	0.0
2020	KSENETS	0.01335559265442404
2020	NNRSKDS	0.0
2020	KNESKKS	0.0
2020	KNESEKS	0.0
2020	NNKSEDS	0.0
2020	KNESEES	0.0
2020	KNKGEDL	0.0
2020	KDENKTS	0.0
2020	KNEGEKL	0.0
2020	NNENETS	0.0
2020	KNKNETL	0.0
